0.831373,0,0.786428,0.436478,0.393214,0.436478,0.747772,0.544622,0.403018,0.666427,0.624484,0.764964
0.901961,0,0.809825,0.402368,0.404913,0.402368,0.772035,0.557332,0.414717,0.684370,0.643568,0.819417
0.737255,0,0.772364,0.427666,0.386182,0.427666,0.730392,0.547640,0.395986,0.661002,0.612312,0.748950
0.952941,0,0.808504,0.451273,0.404252,0.451273,0.770537,0.557135,0.414056,0.683618,0.642426,0.853495
0.537255,1,0.795156,0.408197,0.397578,0.408197,0.752295,0.567320,0.407382,0.682131,0.630530,0.771480
0.882353,0,0.786190,0.428181,0.393095,0.428181,0.747533,0.544460,0.402899,0.666227,0.624332,0.790941
0.870588,0,0.763342,0.388343,0.381671,0.388343,0.720060,0.546219,0.391475,0.655842,0.604705,0.785963
0.717647,0,0.753529,0.434956,0.376765,0.434956,0.710204,0.539361,0.386569,0.647569,0.596747,0.754990
0.800000,0,0.784985,0.462299,0.392492,0.462299,0.742079,0.560235,0.402296,0.673551,0.622260,0.772063
0.549020,1,0.780500,0.382153,0.390250,0.382153,0.739703,0.548837,0.400054,0.665616,0.619260,0.702275
0.921569,0,0.788793,0.414610,0.394397,0.414610,0.749237,0.549796,0.404200,0.670191,0.626491,0.810740
0.921569,0,0.771142,0.463960,0.385571,0.463960,0.728350,0.549922,0.395375,0.661545,0.611112,0.775725
0.505882,1,0.761713,0.420323,0.380857,0.420323,0.719066,0.542646,0.390661,0.653246,0.603554,0.735954
0.890196,0,0.799246,0.419185,0.399623,0.419185,0.758532,0.561686,0.409427,0.681324,0.634328,0.787175
0.866667,0,0.838460,0.413564,0.419230,0.413564,0.805908,0.555164,0.429034,0.697461,0.667824,0.884970
0.878431,0,0.793319,0.417924,0.396660,0.417924,0.755890,0.544549,0.406464,0.669793,0.630323,0.848752
0.874510,0,0.779860,0.399639,0.389930,0.399639,0.740936,0.541113,0.399734,0.661422,0.619208,0.692735
0.874510,0,0.775482,0.381738,0.387741,0.381738,0.733847,0.548549,0.397545,0.662996,0.614935,0.772172
0.180392,1,0.808585,0.418970,0.404293,0.418970,0.765192,0.579043,0.414097,0.694654,0.641167,0.799853
0.376471,1,0.763639,0.392157,0.381819,0.392157,0.719509,0.549657,0.391623,0.657714,0.604830,0.699607
0.898039,0,0.780014,0.419439,0.390007,0.419439,0.734703,0.566033,0.399811,0.674008,0.617633,0.848897
0.870588,0,0.800618,0.426290,0.400309,0.426290,0.757253,0.573226,0.410113,0.687795,0.634745,0.797863
0.117647,1,0.813151,0.423453,0.406576,0.423453,0.775743,0.558072,0.416379,0.686387,0.646347,0.748756
0.854902,0,0.812623,0.421584,0.406311,0.421584,0.774816,0.559325,0.416115,0.686755,0.645783,0.791419
0.874510,0,0.771398,0.403391,0.385699,0.403391,0.729019,0.548519,0.395503,0.660967,0.611481,0.834390
0.854902,0,0.811177,0.399823,0.405589,0.399823,0.773034,0.559687,0.415393,0.686221,0.644612,0.773221
0.835294,0,0.817534,0.473841,0.408767,0.473841,0.784665,0.542603,0.418571,0.680791,0.650793,0.850166
0.886275,0,0.786318,0.421215,0.393159,0.421215,0.749302,0.538123,0.402963,0.663110,0.624784,0.830754
0.882353,0,0.762741,0.387336,0.381371,0.387336,0.718681,0.548746,0.391175,0.656814,0.604006,0.761926
0.854902,0,0.789021,0.445467,0.394510,0.445467,0.747660,0.557045,0.404314,0.673943,0.625912,0.774114
0.874510,0,0.783366,0.401184,0.391683,0.401184,0.741588,0.554681,0.401487,0.669964,0.621239,0.789282
0.964706,0,0.782438,0.465905,0.391219,0.465905,0.738854,0.561060,0.401023,0.672707,0.620063,0.842880
0.874510,0,0.836584,0.400984,0.418292,0.400984,0.806836,0.542237,0.428096,0.690043,0.666729,0.821385
0.831373,0,0.779738,0.424614,0.389869,0.424614,0.738754,0.549030,0.399673,0.665337,0.618518,0.747383
0.882353,0,0.800849,0.418854,0.400425,0.418854,0.756456,0.577492,0.410229,0.690051,0.634662,0.800714
0.929412,0,0.792911,0.430473,0.396455,0.430473,0.748405,0.572210,0.406259,0.683476,0.628224,0.796933
0.541176,0,0.799918,0.437762,0.399959,0.437762,0.761906,0.551400,0.409763,0.676493,0.635527,0.744030
0.901961,0,0.766725,0.443506,0.383362,0.443506,0.722074,0.553871,0.393166,0.661350,0.607099,0.810003
0.921569,0,0.873565,0.390342,0.436782,0.390342,0.859505,0.497954,0.446586,0.686160,0.698528,0.881331
0.921569,0,0.777493,0.458793,0.388747,0.458793,0.733241,0.560103,0.398550,0.669788,0.615854,0.781363
0.431373,1,0.801194,0.415940,0.400597,0.415940,0.762774,0.553905,0.410401,0.678381,0.636506,0.767443
0.749020,0,0.766697,0.430980,0.383348,0.430980,0.723388,0.548722,0.393152,0.658751,0.607379,0.765766
0.878431,0,0.815076,0.363391,0.407538,0.363391,0.783524,0.535622,0.417342,0.676070,0.649312,0.861214
0.898039,0,0.803338,0.401423,0.401669,0.401423,0.760341,0.573701,0.411473,0.689378,0.637285,0.822999
0.882353,0,0.806703,0.367574,0.403351,0.367574,0.771381,0.545265,0.413155,0.676768,0.641759,0.854289
0.945098,0,0.861891,0.407282,0.430946,0.407282,0.827707,0.577685,0.440749,0.720387,0.686532,0.898459
0.835294,0,0.785117,0.475040,0.392559,0.475040,0.742022,0.561071,0.402363,0.674036,0.622319,0.761193
0.882353,0,0.857054,0.368927,0.428527,0.368927,0.831846,0.536128,0.438331,0.697127,0.683935,0.885335
0.874510,0,0.779351,0.420561,0.389675,0.420561,0.735622,0.559408,0.399479,0.670355,0.617512,0.820938
0.800000,0,0.777352,0.396132,0.388676,0.396132,0.739067,0.536900,0.398480,0.658071,0.617287,0.783531
0.886275,0,0.799501,0.419331,0.399750,0.419331,0.756758,0.569947,0.409554,0.685597,0.634049,0.850401
0.847059,0,0.785925,0.415056,0.392962,0.415056,0.747048,0.545136,0.402766,0.666436,0.624025,0.774303
0.839216,0,0.763875,0.471626,0.381938,0.471626,0.721238,0.544147,0.391741,0.655065,0.605295,0.742105
0.266667,1,0.814207,0.455263,0.407104,0.455263,0.769744,0.587410,0.416908,0.701636,0.645677,0.746006
0.866667,0,0.812621,0.421892,0.406310,0.421892,0.773898,0.563029,0.416114,0.688613,0.645586,0.761729
0.152941,1,0.798176,0.466990,0.399088,0.466990,0.760058,0.550619,0.408892,0.675240,0.634095,0.785377
0.858824,0,0.748977,0.438208,0.374488,0.438208,0.707447,0.529405,0.384292,0.640331,0.593584,0.802101
0.835294,0,0.748768,0.405667,0.374384,0.405667,0.707434,0.528526,0.384188,0.639787,0.593551,0.782794
0.909804,0,0.781915,0.402837,0.390958,0.402837,0.738800,0.558863,0.400762,0.671347,0.619767,0.728771
0.513725,1,0.757960,0.449612,0.378980,0.449612,0.715721,0.538433,0.388784,0.649284,0.600624,0.760093
0.901961,0,0.790879,0.380438,0.395440,0.380438,0.752803,0.545418,0.405244,0.669024,0.628277,0.791908
0.858824,0,0.806892,0.447205,0.403446,0.447205,0.769412,0.554070,0.413250,0.681282,0.641291,0.809477
0.921569,0,0.789001,0.421253,0.394501,0.421253,0.742018,0.579125,0.404304,0.685016,0.624405,0.834986
0.913725,0,0.807163,0.384152,0.403582,0.384152,0.767878,0.561509,0.413386,0.685150,0.641368,0.852253
0.929412,0,0.783624,0.421184,0.391812,0.421184,0.735128,0.581083,0.401616,0.683344,0.619645,0.855870
0.870588,0,0.786554,0.380154,0.393277,0.380154,0.749242,0.539441,0.403081,0.663887,0.624949,0.784671
0.870588,0,0.813218,0.471065,0.406609,0.471065,0.779050,0.544996,0.416413,0.679857,0.647047,0.847914
0.549020,1,0.792175,0.453995,0.396087,0.453995,0.749833,0.563144,0.405891,0.678561,0.628353,0.739377
0.909804,0,0.807726,0.420723,0.403863,0.420723,0.767227,0.566782,0.413667,0.688075,0.641214,0.840571
0.898039,0,0.758938,0.408604,0.379469,0.408604,0.710678,0.561884,0.389273,0.661536,0.599749,0.853634
0.835294,0,0.774678,0.445129,0.387339,0.445129,0.739019,0.524922,0.397143,0.650740,0.615901,0.809610
0.552941,1,0.767016,0.441423,0.383508,0.441423,0.724211,0.547028,0.393312,0.658058,0.607770,0.760851
0.862745,0,0.763448,0.383960,0.381724,0.383960,0.719255,0.549763,0.391528,0.657673,0.604535,0.822575
0.909804,0,0.796019,0.443368,0.398010,0.443368,0.754955,0.560811,0.407813,0.679290,0.631646,0.758677
0.909804,0,0.750798,0.397178,0.375399,0.397178,0.702419,0.556306,0.385203,0.654731,0.593090,0.800920
0.847059,0,0.805289,0.383683,0.402645,0.383683,0.769208,0.547357,0.412449,0.677119,0.640365,0.803544
0.850980,0,0.816308,0.437662,0.408154,0.437662,0.781863,0.548190,0.417958,0.682989,0.649505,0.753242
0.890196,0,0.863342,0.420600,0.431671,0.420600,0.836923,0.545272,0.441475,0.704837,0.688960,0.902002
0.835294,0,0.787009,0.366613,0.393504,0.366613,0.753478,0.524934,0.403308,0.656830,0.626181,0.823819
0.498039,1,0.764847,0.431349,0.382424,0.431349,0.721206,0.548664,0.392227,0.657811,0.605794,0.779743
0.898039,0,0.737638,0.379831,0.368819,0.379831,0.693114,0.532391,0.378623,0.636259,0.583853,0.749421
0.839216,0,0.772580,0.441968,0.386290,0.441968,0.733442,0.536884,0.396094,0.655709,0.613211,0.773758
0.862745,0,0.835583,0.375902,0.417791,0.375902,0.812336,0.514533,0.427595,0.675640,0.666990,0.862282
0.474510,1,0.758601,0.406267,0.379300,0.406267,0.718421,0.531106,0.389104,0.645921,0.601698,0.722388
0.858824,0,0.757387,0.393495,0.378693,0.393495,0.714945,0.538792,0.388497,0.649181,0.600129,0.799784
0.878431,0,0.758659,0.445590,0.379330,0.445590,0.715361,0.542931,0.389133,0.651885,0.601036,0.795196
0.862745,0,0.751284,0.393487,0.375642,0.393487,0.707396,0.539860,0.385446,0.646715,0.594848,0.812137
0.690196,0,0.692557,0.437832,0.346279,0.437832,0.639870,0.528009,0.356083,0.612000,0.544588,0.595520
0.886275,0,0.837577,0.390934,0.418789,0.390934,0.808566,0.539810,0.428593,0.689317,0.667935,0.867685
0.168627,1,0.793395,0.378354,0.396697,0.378354,0.753066,0.556057,0.406501,0.675607,0.629817,0.725184
0.870588,0,0.763306,0.397570,0.381653,0.397570,0.720576,0.544098,0.391457,0.654760,0.604854,0.786596
0.137255,1,0.834307,0.416332,0.417153,0.416332,0.799403,0.562186,0.426957,0.698928,0.663919,0.766705
0.937255,0,0.807057,0.412980,0.403529,0.412980,0.766279,0.567439,0.413333,0.688074,0.640722,0.795345
0.498039,1,0.775071,0.398847,0.387536,0.398847,0.730814,0.558379,0.397340,0.667727,0.613982,0.707484
0.886275,0,0.815571,0.372126,0.407786,0.372126,0.784240,0.535049,0.417589,0.676028,0.649540,0.856159
0.917647,0,0.760733,0.398847,0.380366,0.398847,0.714615,0.555099,0.390170,0.659014,0.601803,0.810885
0.376471,1,0.805839,0.448435,0.402920,0.448435,0.773509,0.532673,0.412723,0.670021,0.641525,0.766405
0.917647,0,0.814655,0.419569,0.407327,0.419569,0.775603,0.565774,0.417131,0.690997,0.647137,0.806003
0.862745,0,0.782602,0.391180,0.391301,0.391180,0.743768,0.542667,0.401105,0.663556,0.621427,0.697809
0.890196,0,0.798199,0.400746,0.399100,0.400746,0.758344,0.557541,0.408903,0.678726,0.633683,0.803650
0.909804,0,0.780173,0.466213,0.390087,0.466213,0.738317,0.552726,0.399891,0.667407,0.618659,0.777501
0.878431,0,0.790678,0.401338,0.395339,0.401338,0.750104,0.555116,0.405143,0.673793,0.627455,0.777159
0.886275,0,0.862391,0.417616,0.431195,0.417616,0.836688,0.541589,0.440999,0.702516,0.688059,0.890350
0.145098,1,0.768153,0.439785,0.384076,0.439785,0.724140,0.552461,0.393880,0.661346,0.608366,0.758300
0.850980,0,0.794830,0.433602,0.397415,0.433602,0.760169,0.534623,0.407219,0.665557,0.632148,0.777752
0.913725,0,0.770417,0.437785,0.385208,0.437785,0.724000,0.563313,0.395012,0.667909,0.609538,0.811209
0.878431,0,0.773298,0.448343,0.386649,0.448343,0.731314,0.548343,0.396453,0.661815,0.613182,0.852502
0.592157,1,0.810997,0.412864,0.405499,0.412864,0.771003,0.567039,0.415302,0.689822,0.643973,0.762366
0.886275,0,0.834077,0.362983,0.417039,0.362983,0.804925,0.538141,0.426843,0.686745,0.664962,0.822972
0.686275,0,0.748949,0.465782,0.374474,0.465782,0.705500,0.536542,0.384278,0.643900,0.593013,0.775129
0.870588,0,0.782049,0.402960,0.391025,0.402960,0.738982,0.558771,0.400829,0.671367,0.619842,0.775932
0.858824,0,0.809577,0.427889,0.404789,0.427889,0.775505,0.542169,0.414592,0.676636,0.644146,0.752000
0.874510,0,0.764673,0.424183,0.382337,0.424183,0.721271,0.547632,0.392141,0.657207,0.605776,0.835460
0.882353,0,0.791305,0.422945,0.395653,0.422945,0.749461,0.560564,0.405457,0.676837,0.627626,0.786748
0.901961,0,0.788455,0.401968,0.394227,0.401968,0.744591,0.566476,0.404031,0.678397,0.624847,0.857304
0.321569,1,0.732985,0.393564,0.366492,0.393564,0.683094,0.548622,0.376296,0.642122,0.578440,0.681145
0.172549,1,0.770624,0.405306,0.385312,0.405306,0.725720,0.557653,0.395116,0.665170,0.610111,0.779106
0.525490,1,0.814564,0.400915,0.407282,0.400915,0.775700,0.564951,0.417086,0.690539,0.647127,0.794661
0.886275,0,0.781198,0.453564,0.390599,0.453564,0.741283,0.545897,0.400403,0.664484,0.619978,0.752942
0.894118,0,0.866165,0.368820,0.433082,0.368820,0.847440,0.513860,0.442886,0.690471,0.692221,0.872301
0.898039,0,0.777102,0.445575,0.388551,0.445575,0.734888,0.551934,0.398355,0.665494,0.616221,0.782467
0.894118,0,0.794031,0.422676,0.397015,0.422676,0.755233,0.550448,0.406819,0.673106,0.630575,0.782157
0.945098,0,0.833150,0.425390,0.416575,0.425390,0.792703,0.584411,0.426379,0.709511,0.661962,0.885442
0.937255,0,0.811561,0.406782,0.405781,0.406782,0.771763,0.566643,0.415584,0.689902,0.644493,0.807225
0.878431,0,0.787589,0.400977,0.393795,0.400977,0.748419,0.547441,0.403598,0.668415,0.625396,0.740408
0.894118,0,0.787310,0.409358,0.393655,0.409358,0.744112,0.563040,0.403459,0.676107,0.624134,0.870572
0.854902,0,0.771542,0.394118,0.385771,0.394118,0.729495,0.547343,0.395575,0.660447,0.611696,0.772214
0.235294,1,0.806476,0.442599,0.403238,0.442599,0.763757,0.574826,0.413042,0.691495,0.639701,0.770773
0.137255,1,0.784864,0.444283,0.392432,0.444283,0.741947,0.560195,0.402236,0.673471,0.622162,0.755010
0.509804,1,0.817889,0.479862,0.408945,0.479862,0.781430,0.557458,0.418748,0.688424,0.650356,0.754697
0.980392,0,0.759546,0.444975,0.379773,0.444975,0.717333,0.539459,0.389577,0.650579,0.601920,0.797935
0.866667,0,0.852758,0.033433,0.426379,0.033433,0.849211,0.441442,0.436183,0.647467,0.682465,0.851011
0.478431,1,0.755696,0.344229,0.377848,0.344229,0.721820,0.505348,0.387652,0.631561,0.601062,0.767506
0.466667,1,0.795539,0.474302,0.397769,0.474302,0.756655,0.551832,0.407573,0.674545,0.631771,0.794317
0.858824,0,0.793069,0.451865,0.396535,0.451865,0.755684,0.544202,0.406339,0.669495,0.630127,0.802306
0.909804,0,0.793067,0.409581,0.396533,0.409581,0.750840,0.563322,0.406337,0.679091,0.629051,0.875936
0.878431,0,0.795793,0.393356,0.397896,0.393356,0.755777,0.556496,0.407700,0.677012,0.631761,0.844996
0.572549,1,0.775142,0.466767,0.387571,0.466767,0.731079,0.557678,0.397375,0.667410,0.614062,0.682730
0.890196,0,0.770169,0.436109,0.385085,0.436109,0.726570,0.552323,0.394889,0.662270,0.610124,0.789211
0.870588,0,0.884814,0.044306,0.442407,0.044306,0.881253,0.458099,0.452211,0.671741,0.707880,0.883552
0.898039,0,0.785700,0.409681,0.392850,0.409681,0.746765,0.545210,0.402654,0.666362,0.623952,0.853044
0.929412,0,0.762162,0.410311,0.381081,0.410311,0.713585,0.565476,0.390885,0.664927,0.602230,0.800497
0.462745,1,0.718048,0.380969,0.359024,0.380969,0.668189,0.537330,0.368828,0.629132,0.566331,0.676083
0.898039,0,0.840755,0.400285,0.420378,0.400285,0.807547,0.559433,0.430181,0.700742,0.669388,0.828288
0.827451,0,0.753499,0.435717,0.376749,0.435717,0.710075,0.539708,0.386553,0.647728,0.596687,0.765808
0.854902,0,0.819862,0.413948,0.409931,0.413948,0.787656,0.541440,0.419735,0.681360,0.652800,0.796113
0.850980,0,0.756885,0.429604,0.378442,0.429604,0.714621,0.537762,0.388246,0.648417,0.599857,0.743455
0.176471,1,0.809647,0.407728,0.404823,0.407728,0.770166,0.564026,0.414627,0.687642,0.643056,0.706913
0.858824,0,0.732903,0.370165,0.366452,0.370165,0.689866,0.523547,0.376256,0.629495,0.580268,0.765805
0.788235,0,0.814766,0.415325,0.407383,0.415325,0.774884,0.569223,0.417187,0.692784,0.647032,0.806518
0.882353,0,0.893943,0.025013,0.446972,0.500000,0.890795,0.460989,0.456776,0.677728,0.715525,0.889854
0.921569,0,0.741706,0.398239,0.370853,0.398239,0.690613,0.559592,0.380657,0.651910,0.585055,0.742288
0.917647,0,0.798892,0.443429,0.399446,0.443429,0.757512,0.564092,0.409250,0.682357,0.633860,0.813970
0.517647,1,0.812654,0.401276,0.406327,0.401276,0.776644,0.552074,0.416131,0.683130,0.646221,0.763664
0.882353,0,0.827395,0.422368,0.413698,0.422368,0.792548,0.557296,0.423502,0.693049,0.658306,0.863756
0.764706,0,0.766588,0.380215,0.383294,0.380215,0.726963,0.534582,0.393098,0.651600,0.608281,0.756863
0.870588,0,0.732839,0.480777,0.366420,0.480777,0.690422,0.521238,0.376223,0.628305,0.580340,0.797967
0.949020,0,0.804620,0.433195,0.402310,0.433195,0.767469,0.551189,0.412114,0.678712,0.639482,0.778752
0.905882,0,0.901347,0.024575,0.450674,0.500000,0.898614,0.462942,0.460478,0.682388,0.721262,0.902342
0.886275,0,0.816636,0.416524,0.408318,0.416524,0.778218,0.564569,0.418122,0.691373,0.648879,0.819029
0.184314,1,0.756340,0.376855,0.378170,0.376855,0.718603,0.520324,0.387974,0.639396,0.600524,0.675048
0.878431,0,0.771578,0.386405,0.385789,0.386405,0.730057,0.545348,0.395593,0.659464,0.611803,0.767709
0.839216,0,0.793915,0.363037,0.396957,0.363037,0.761535,0.524988,0.406761,0.660269,0.631957,0.821641
0.898039,0,0.800617,0.463822,0.400308,0.463822,0.762335,0.552955,0.410112,0.677619,0.636005,0.834557
0.898039,0,0.860001,0.416863,0.430000,0.416863,0.832289,0.548696,0.439804,0.704898,0.685828,0.896991
0.870588,0,0.781697,0.422645,0.390849,0.422645,0.739146,0.556512,0.400653,0.670060,0.619708,0.798184
0.886275,0,0.821854,0.384921,0.410927,0.384921,0.784716,0.562943,0.420731,0.693140,0.653491,0.872122
0.768627,0,0.784273,0.392372,0.392137,0.392372,0.743449,0.551597,0.401940,0.668863,0.622230,0.762509
0.874510,0,0.758808,0.405429,0.379404,0.405429,0.714398,0.547241,0.389208,0.654122,0.600725,0.767056
0.850980,0,0.792524,0.416517,0.396262,0.416517,0.758014,0.532479,0.406066,0.663342,0.630333,0.785696
0.839216,0,0.802776,0.378239,0.401388,0.378239,0.767866,0.540967,0.411192,0.672669,0.638512,0.843193
0.901961,0,0.815149,0.399039,0.407574,0.399039,0.782576,0.539816,0.417378,0.678212,0.648930,0.788413
0.231373,1,0.828382,0.424291,0.414191,0.424291,0.792717,0.561336,0.423995,0.695566,0.658958,0.769180
0.650980,0,0.832233,0.387612,0.416117,0.387612,0.800966,0.545718,0.425921,0.689634,0.662924,0.763772
0.898039,0,0.842395,0.426459,0.421198,0.426459,0.809779,0.558043,0.431002,0.700857,0.670837,0.837258
0.894118,0,0.764391,0.439008,0.382195,0.439008,0.723682,0.537175,0.391999,0.651819,0.606205,0.805955
0.588235,1,0.800778,0.421115,0.400389,0.421115,0.760961,0.559190,0.410193,0.680829,0.635871,0.751482
0.882353,0,0.758744,0.395417,0.379372,0.395417,0.715891,0.541310,0.389176,0.651114,0.601100,0.774446
0.882353,0,0.787260,0.463383,0.393630,0.463383,0.747905,0.547939,0.403434,0.668502,0.624983,0.783908
0.858824,0,0.839187,0.406974,0.419593,0.406974,0.806354,0.556822,0.429397,0.698654,0.668244,0.873898
0.874510,0,0.798875,0.444652,0.399438,0.444652,0.761998,0.546163,0.409242,0.673349,0.634930,0.801236
0.909804,0,0.813069,0.411995,0.406534,0.411995,0.772867,0.569330,0.416338,0.691997,0.645587,0.846447
0.466667,1,0.768731,0.388627,0.384365,0.388627,0.727646,0.541664,0.394169,0.656211,0.609639,0.734066
0.870588,0,0.783871,0.386282,0.391935,0.386282,0.742894,0.551912,0.401739,0.668823,0.621900,0.797486
0.882353,0,0.816256,0.384614,0.408128,0.384614,0.778903,0.559980,0.417932,0.688881,0.649062,0.866596
0.890196,0,0.786243,0.390004,0.393121,0.390004,0.749234,0.538042,0.402925,0.663032,0.624723,0.816794
0.878431,0,0.785331,0.445344,0.392666,0.445344,0.741369,0.564616,0.402470,0.675921,0.622491,0.797625
0.894118,0,0.750515,0.435286,0.375258,0.435286,0.703769,0.549989,0.385061,0.651420,0.593349,0.800877
0.890196,0,0.871663,0.209604,0.435832,0.209604,0.864685,0.466125,0.445635,0.669239,0.697356,0.872722
0.890196,0,0.817242,0.410342,0.408621,0.410342,0.779340,0.562890,0.418425,0.690830,0.649522,0.794296
0.854902,0,0.764469,0.387343,0.382235,0.387343,0.719438,0.553685,0.392039,0.660145,0.605183,0.845498
0.866667,0,0.774135,0.365990,0.387068,0.365990,0.734158,0.541202,0.396871,0.658644,0.614438,0.849771
0.901961,0,0.801622,0.400592,0.400811,0.400592,0.761671,0.560313,0.410615,0.681810,0.636427,0.788139
0.858824,0,0.755176,0.437655,0.377588,0.437655,0.710104,0.547109,0.387392,0.652268,0.597602,0.800808
0.901961,0,0.772396,0.385629,0.386198,0.385629,0.730372,0.547859,0.396002,0.661127,0.612324,0.788036
0.909804,0,0.790371,0.402130,0.395186,0.402130,0.748206,0.561166,0.404989,0.676678,0.626811,0.813184
0.517647,1,0.804724,0.399293,0.402362,0.399293,0.764525,0.563474,0.412166,0.684930,0.638928,0.700993
0.862745,0,0.777802,0.426098,0.388901,0.426098,0.736836,0.547595,0.398705,0.663661,0.616969,0.751626
0.913725,0,0.795800,0.409935,0.397900,0.409935,0.754737,0.560649,0.407704,0.679100,0.631458,0.777236
0.901961,0,0.775930,0.410834,0.387965,0.410834,0.729169,0.568674,0.397769,0.673319,0.614183,0.846919
0.411765,1,0.771600,0.434248,0.385800,0.434248,0.729253,0.548538,0.395604,0.661076,0.611593,0.774692
0.878431,0,0.820963,0.410411,0.410482,0.410411,0.782540,0.567584,0.420286,0.695028,0.652356,0.801271
0.882353,0,0.839659,0.399969,0.419829,0.399969,0.810087,0.543495,0.429633,0.692198,0.669188,0.879169
0.878431,0,0.802450,0.410050,0.401225,0.410050,0.762073,0.562594,0.411029,0.683364,0.636991,0.805795
0.894118,0,0.754781,0.389635,0.377390,0.389635,0.707191,0.556288,0.387194,0.656681,0.596600,0.844586
0.882353,0,0.785580,0.425413,0.392790,0.425413,0.741999,0.563301,0.402594,0.675384,0.622573,0.759963
0.901961,0,0.794451,0.410742,0.397226,0.410742,0.752993,0.561266,0.407029,0.678744,0.630260,0.806994
0.705882,0,0.820252,0.416955,0.410126,0.416955,0.781840,0.567049,0.419930,0.694408,0.651823,0.767131
0.921569,0,0.857143,0.393364,0.428571,0.393364,0.828057,0.552740,0.438375,0.705510,0.683456,0.882900
0.882353,0,0.790104,0.382530,0.395052,0.382530,0.751496,0.546975,0.404856,0.669422,0.627459,0.787570
0.137255,1,0.827988,0.399369,0.413994,0.399369,0.792528,0.560219,0.423798,0.694810,0.658711,0.729567
0.913725,0,0.797852,0.410957,0.398926,0.410957,0.756392,0.563673,0.408730,0.681632,0.633025,0.831696
0.780392,0,0.740986,0.449889,0.370493,0.449889,0.694377,0.542505,0.380297,0.642980,0.585877,0.738744
0.501961,1,0.714553,0.376563,0.357277,0.376563,0.664570,0.535158,0.367081,0.626331,0.563387,0.720787
0.886275,0,0.805361,0.402084,0.402681,0.402084,0.765443,0.562797,0.412484,0.684905,0.639436,0.838633
0.835294,0,0.774318,0.445167,0.387159,0.445167,0.734292,0.541517,0.396963,0.658892,0.614394,0.752880
0.858824,0,0.756244,0.433479,0.378122,0.433479,0.715302,0.532328,0.387926,0.645374,0.599605,0.796203
0.474510,1,0.792983,0.409727,0.396492,0.409727,0.750452,0.564466,0.406295,0.679625,0.628812,0.770007
0.898039,0,0.809035,0.407551,0.404518,0.407551,0.766305,0.576692,0.414322,0.693697,0.641806,0.873290
0.886275,0,0.783994,0.400592,0.391997,0.400592,0.742672,0.553345,0.401801,0.669603,0.622013,0.797634
0.878431,0,0.854641,0.318793,0.427320,0.318793,0.832062,0.523427,0.437124,0.689554,0.682605,0.873627
0.866667,0,0.818976,0.420846,0.409488,0.420846,0.787770,0.536772,0.419292,0.678578,0.652266,0.795144
0.854902,0,0.757944,0.397893,0.378972,0.397893,0.713804,0.545597,0.388776,0.652872,0.600135,0.840328
0.203922,1,0.795901,0.402115,0.397950,0.402115,0.751473,0.574061,0.407754,0.685883,0.630811,0.749517
0.847059,0,0.789673,0.433702,0.394837,0.433702,0.749341,0.553459,0.404641,0.672465,0.626697,0.761841
0.874510,0,0.789513,0.440592,0.394756,0.440592,0.747453,0.560141,0.404560,0.675739,0.626184,0.804911
0.870588,0,0.755724,0.439985,0.377862,0.439985,0.708840,0.554330,0.387666,0.656163,0.597518,0.810687
0.854902,0,0.753688,0.390565,0.376844,0.390565,0.708908,0.544935,0.386648,0.650445,0.596515,0.828085
0.619608,0,0.802873,0.412034,0.401436,0.412034,0.760919,0.569197,0.411240,0.686887,0.636989,0.754506
0.925490,0,0.905133,0.384598,0.452566,0.384598,0.887604,0.531587,0.462370,0.718727,0.723660,0.920586
0.898039,0,0.789886,0.471565,0.394943,0.471565,0.747905,0.560099,0.404747,0.675903,0.626461,0.791658
0.870588,0,0.760419,0.459915,0.380210,0.459915,0.714974,0.552323,0.390014,0.657466,0.601712,0.758958
0.878431,0,0.844204,0.425905,0.422102,0.425905,0.811238,0.560709,0.431906,0.703092,0.672220,0.877406
0.309804,1,0.826079,0.421915,0.413040,0.421915,0.784867,0.582598,0.422844,0.705098,0.655849,0.759834
0.576471,0,0.776676,0.442445,0.388338,0.442445,0.735676,0.546934,0.398142,0.662774,0.616066,0.763336
0.956863,0,0.785960,0.471188,0.392980,0.471188,0.743150,0.560556,0.402784,0.674194,0.623080,0.819245
0.250980,1,0.767228,0.379331,0.383614,0.379331,0.723053,0.552416,0.393418,0.660867,0.607668,0.672794
0.901961,0,0.822830,0.405367,0.411415,0.405367,0.783995,0.570568,0.421219,0.697450,0.653803,0.777418
0.909804,0,0.825554,0.420315,0.412777,0.420315,0.785980,0.575489,0.422581,0.701270,0.655787,0.811475
0.870588,0,0.796752,0.382115,0.398376,0.382115,0.757470,0.554254,0.408180,0.676361,0.632712,0.814033
0.831373,0,0.774638,0.402907,0.387319,0.402907,0.735987,0.536436,0.397123,0.656499,0.614988,0.746690
0.878431,0,0.745061,0.415440,0.372530,0.415440,0.696277,0.553553,0.382334,0.650528,0.588351,0.841004
0.631373,1,0.800302,0.408489,0.400151,0.408489,0.758236,0.567823,0.409955,0.684927,0.634877,0.754446
0.725490,0,0.778432,0.402737,0.389216,0.402737,0.737317,0.548617,0.399020,0.664485,0.617440,0.755337
0.909804,0,0.787015,0.403729,0.393508,0.403729,0.744684,0.559434,0.403311,0.674151,0.624038,0.784470
0.835294,0,0.762593,0.430581,0.381297,0.430581,0.722590,0.533232,0.391100,0.648954,0.604952,0.773125
0.898039,0,0.806159,0.409604,0.403080,0.409604,0.762924,0.576674,0.412884,0.692266,0.639447,0.823344
0.811765,0,0.812026,0.413795,0.406013,0.413795,0.771143,0.571355,0.415817,0.692497,0.644596,0.806610
0.862745,0,0.783364,0.361922,0.391682,0.361922,0.747673,0.530932,0.401486,0.658042,0.622942,0.810169
0.894118,0,0.854292,0.328950,0.427146,0.328950,0.838268,0.495323,0.436950,0.675274,0.683062,0.871925
0.945098,0,0.787864,0.475586,0.393932,0.475586,0.739890,0.582180,0.403736,0.685988,0.623200,0.847518
0.870588,0,0.759385,0.387259,0.379693,0.387259,0.717014,0.539944,0.389496,0.650744,0.601825,0.771954
0.878431,0,0.815031,0.466190,0.407515,0.466190,0.780352,0.548284,0.417319,0.682404,0.648450,0.850168
0.905882,0,0.785888,0.389258,0.392944,0.389258,0.742171,0.564055,0.402748,0.675914,0.622916,0.837479
0.854902,0,0.738551,0.378762,0.369276,0.378762,0.693988,0.533194,0.379080,0.637110,0.584362,0.815366
0.886275,0,0.822040,0.382599,0.411020,0.382599,0.788066,0.550116,0.420824,0.686793,0.654198,0.851955
0.470588,1,0.802022,0.399300,0.401011,0.399300,0.761644,0.562300,0.410815,0.683005,0.636649,0.815207
0.133333,1,0.740068,0.397032,0.370034,0.397032,0.689487,0.556470,0.379838,0.649539,0.583845,0.644289
0.909804,0,0.785544,0.400154,0.392772,0.400154,0.743934,0.555566,0.402576,0.671483,0.623053,0.804440
0.901961,0,0.784332,0.397947,0.392166,0.397947,0.740859,0.561989,0.401970,0.674109,0.621598,0.795559
0.850980,0,0.821372,0.476348,0.410686,0.476348,0.787473,0.549361,0.420490,0.686084,0.653680,0.796560
0.929412,0,0.789328,0.414848,0.394664,0.414848,0.746146,0.564419,0.404468,0.677795,0.625704,0.826449
0.835294,0,0.811676,0.399854,0.405838,0.399854,0.776741,0.547061,0.415642,0.680130,0.645774,0.749310
0.882353,0,0.794438,0.439523,0.397219,0.439523,0.756162,0.548665,0.407023,0.672412,0.631027,0.777153
0.909804,0,0.774989,0.473833,0.387495,0.473833,0.727819,0.569563,0.397299,0.673301,0.613004,0.745327
0.627451,0,0.804260,0.405544,0.402130,0.405544,0.766505,0.553364,0.411934,0.679626,0.639055,0.766087
0.913725,0,0.830056,0.391965,0.415028,0.391965,0.792952,0.568420,0.424832,0.699951,0.660230,0.876522
0.870588,0,0.827881,0.395056,0.413940,0.395056,0.801564,0.522450,0.423744,0.675799,0.660286,0.856332
0.882353,0,0.821068,0.420507,0.410534,0.420507,0.783860,0.562690,0.420338,0.692624,0.652843,0.881418
0.874510,0,0.807588,0.436947,0.403794,0.436947,0.768980,0.559085,0.413598,0.684143,0.641551,0.805033
0.858824,0,0.778797,0.388950,0.389399,0.388950,0.736412,0.553801,0.399203,0.667267,0.617415,0.794673
0.886275,0,0.797050,0.383637,0.398525,0.383637,0.758736,0.550617,0.408329,0.674682,0.633181,0.766842
0.831373,0,0.791275,0.445690,0.395637,0.445690,0.756276,0.533563,0.405441,0.663269,0.629238,0.766636
0.917647,0,0.870333,0.408181,0.435167,0.408181,0.845629,0.542254,0.444971,0.706792,0.694585,0.897585
0.839216,0,0.786552,0.441792,0.393276,0.441792,0.744863,0.556592,0.403080,0.672496,0.623846,0.770836
0.862745,0,0.826879,0.423422,0.413439,0.423422,0.791748,0.558114,0.423243,0.693204,0.657842,0.878274
0.862745,0,0.802406,0.379700,0.401203,0.379700,0.769815,0.531449,0.411007,0.667708,0.638742,0.775753
0.894118,0,0.761480,0.386382,0.380740,0.386382,0.718480,0.543815,0.390544,0.653718,0.603266,0.780687
0.862745,0,0.809968,0.473310,0.404984,0.473310,0.771025,0.562078,0.414788,0.686823,0.643380,0.766464
0.866667,0,0.787926,0.449081,0.393963,0.449081,0.745227,0.561526,0.403767,0.675651,0.624693,0.818907
0.470588,1,0.800135,0.413810,0.400068,0.413810,0.757763,0.568923,0.409872,0.685397,0.634685,0.756536
0.874510,0,0.763463,0.391634,0.381732,0.391634,0.719789,0.547799,0.391535,0.656695,0.604696,0.792537
0.862745,0,0.802409,0.374940,0.401205,0.374940,0.767558,0.540484,0.411009,0.672245,0.638335,0.822648
0.862745,0,0.789016,0.436309,0.394508,0.436309,0.750450,0.546057,0.404312,0.668424,0.626594,0.758033
0.850980,0,0.847534,0.395556,0.423767,0.395556,0.821963,0.531709,0.433571,0.690187,0.676209,0.846899
0.800000,0,0.782658,0.424383,0.391329,0.424383,0.740288,0.556484,0.401133,0.670519,0.620515,0.777504
0.850980,0,0.810087,0.442168,0.405044,0.442168,0.770522,0.564673,0.414848,0.688184,0.643335,0.772193
0.882353,0,0.822114,0.418570,0.411057,0.418570,0.781745,0.576346,0.420861,0.699996,0.652832,0.814922
0.898039,0,0.801916,0.417862,0.400958,0.417862,0.758114,0.575901,0.410762,0.689779,0.635685,0.816606
0.870588,0,0.756504,0.395948,0.378252,0.395948,0.710839,0.550305,0.388056,0.654526,0.598486,0.764961
0.352941,1,0.748879,0.402614,0.374439,0.402614,0.703397,0.544075,0.384243,0.647647,0.592485,0.714117
0.305882,1,0.783761,0.417962,0.391881,0.417962,0.740639,0.560208,0.401685,0.672934,0.621206,0.778910
0.858824,0,0.784027,0.383714,0.392014,0.383714,0.746515,0.538494,0.401818,0.662165,0.622822,0.792223
0.149020,1,0.806966,0.409589,0.403483,0.409589,0.766289,0.566966,0.413287,0.687791,0.640549,0.784546
0.890196,0,0.889436,0.049266,0.444718,0.049266,0.886698,0.456849,0.454522,0.673410,0.711836,0.891815
0.878431,0,0.759080,0.386659,0.379540,0.386659,0.715497,0.544308,0.389344,0.652784,0.601180,0.754036
0.843137,0,0.787020,0.441822,0.393510,0.441822,0.750576,0.536362,0.403314,0.662572,0.625494,0.833753
0.160784,1,0.782979,0.443606,0.391489,0.443606,0.743339,0.546070,0.401293,0.665450,0.621506,0.717875
0.835294,0,0.775750,0.365544,0.387875,0.365544,0.735444,0.543601,0.397679,0.660644,0.615621,0.781760
0.905882,0,0.834015,0.396017,0.417008,0.396017,0.799656,0.559729,0.426812,0.697550,0.663744,0.843139
0.874510,0,0.855092,0.339293,0.427546,0.339293,0.833875,0.517903,0.437350,0.687005,0.683056,0.876299
0.874510,0,0.760521,0.385590,0.380261,0.385590,0.716795,0.545884,0.390065,0.654285,0.602275,0.762561
0.870588,0,0.797752,0.390965,0.398876,0.390965,0.761346,0.543521,0.408680,0.671467,0.634447,0.826469
0.466667,1,0.750305,0.475302,0.375153,0.475302,0.705127,0.543978,0.384956,0.648300,0.593613,0.769938
0.960784,0,0.782681,0.465229,0.391340,0.465229,0.740997,0.553829,0.401144,0.669198,0.620719,0.783104
0.831373,0,0.797454,0.441315,0.398727,0.441315,0.755911,0.563722,0.408531,0.681460,0.632733,0.756662
0.905882,0,0.796746,0.401361,0.398373,0.401361,0.757919,0.552444,0.408177,0.675450,0.632786,0.748303
0.933333,0,0.811394,0.415679,0.405697,0.415679,0.770283,0.571831,0.415501,0.692424,0.644035,0.824981
0.843137,0,0.779174,0.434910,0.389587,0.434910,0.736707,0.554389,0.399391,0.667749,0.617701,0.772821
0.698039,0,0.803618,0.433456,0.401809,0.433456,0.762167,0.567714,0.411613,0.686512,0.637728,0.748006
0.921569,0,0.784351,0.432126,0.392176,0.432126,0.741623,0.559089,0.401979,0.672663,0.621800,0.787340
0.850980,0,0.773083,0.442361,0.386542,0.442361,0.729652,0.553766,0.396346,0.664432,0.612516,0.779773
0.909804,0,0.861946,0.396440,0.430973,0.396440,0.835976,0.542459,0.440777,0.702732,0.687690,0.893740
0.878431,0,0.840930,0.430104,0.420465,0.430104,0.813194,0.536631,0.430269,0.689383,0.670502,0.841731
0.819608,0,0.775849,0.407989,0.387925,0.407989,0.731608,0.558878,0.397729,0.668362,0.614529,0.805005
0.894118,0,0.788165,0.398224,0.394083,0.398224,0.745018,0.563456,0.403887,0.676738,0.624838,0.814793
0.890196,0,0.829037,0.394594,0.414519,0.394594,0.794386,0.557594,0.424322,0.694012,0.660009,0.881838
0.917647,0,0.804373,0.438693,0.402186,0.438693,0.763359,0.566492,0.411990,0.686271,0.638373,0.817031
0.890196,0,0.795867,0.399923,0.397933,0.399923,0.754692,0.561142,0.407737,0.679381,0.631475,0.765553
0.878431,0,0.776140,0.388458,0.388070,0.388458,0.735184,0.546384,0.397874,0.662233,0.615689,0.765329
0.862745,0,0.838061,0.431888,0.419030,0.431888,0.807054,0.548450,0.428834,0.693893,0.667691,0.792173
0.901961,0,0.822610,0.399454,0.411305,0.399454,0.787613,0.554687,0.421109,0.689370,0.654559,0.838446
0.921569,0,0.826115,0.412503,0.413057,0.412503,0.791715,0.554595,0.422861,0.691059,0.657573,0.897197
0.545098,1,0.800113,0.397401,0.400056,0.397401,0.757704,0.569055,0.409860,0.685451,0.634690,0.706421
0.909804,0,0.795679,0.466428,0.397839,0.466428,0.754902,0.559432,0.407643,0.678430,0.631452,0.759997
0.882353,0,0.812727,0.413610,0.406363,0.413610,0.774992,0.559105,0.416167,0.686695,0.645887,0.831116
0.874510,0,0.765804,0.383875,0.382902,0.383875,0.722775,0.547019,0.392706,0.657456,0.606832,0.830765
0.882353,0,0.843666,0.375087,0.421833,0.375087,0.817733,0.530803,0.431637,0.687814,0.673241,0.858289
0.890196,0,0.790561,0.398816,0.395281,0.398816,0.749849,0.555579,0.405085,0.673967,0.627371,0.711245
0.874510,0,0.754749,0.386874,0.377374,0.386874,0.711050,0.541637,0.387178,0.649311,0.597668,0.761571
0.380392,1,0.778020,0.441484,0.389010,0.441484,0.739141,0.539666,0.398814,0.659789,0.617656,0.769087
0.807843,0,0.786813,0.459508,0.393407,0.459508,0.745994,0.553365,0.403211,0.671005,0.624261,0.748806
0.878431,0,0.762252,0.388158,0.381126,0.388158,0.718533,0.547099,0.390930,0.655747,0.603693,0.798022
0.839216,0,0.809759,0.414318,0.404879,0.414318,0.780199,0.524093,0.414683,0.667653,0.645205,0.843478
0.862745,0,0.815126,0.376832,0.407563,0.376832,0.781699,0.543267,0.417367,0.679933,0.648774,0.858607
0.901961,0,0.795944,0.427251,0.397972,0.427251,0.753094,0.567833,0.407776,0.682778,0.631109,0.808107
0.792157,0,0.701119,0.435263,0.350560,0.435263,0.645900,0.543381,0.360364,0.623893,0.550641,0.640862
0.898039,0,0.713708,0.378501,0.356854,0.378501,0.666163,0.525858,0.366658,0.621249,0.563558,0.642775
0.874510,0,0.789016,0.441007,0.394508,0.441007,0.746181,0.562837,0.404312,0.676848,0.625523,0.794003
0.917647,0,0.788196,0.475479,0.394098,0.475479,0.746288,0.558613,0.403902,0.674322,0.625109,0.821370
0.894118,0,0.828126,0.413187,0.414063,0.413187,0.790638,0.568681,0.423867,0.699126,0.658338,0.886672
0.792157,0,0.807794,0.440523,0.403897,0.440523,0.771300,0.550719,0.413701,0.680046,0.642186,0.777349
0.905882,0,0.863372,0.387666,0.431686,0.387666,0.838267,0.539637,0.441490,0.702023,0.688960,0.886651
0.850980,0,0.760220,0.425690,0.380110,0.425690,0.713288,0.557805,0.389914,0.660120,0.601184,0.803945
0.886275,0,0.810036,0.436363,0.405018,0.436363,0.773721,0.551527,0.414822,0.681561,0.644081,0.847325
0.866667,0,0.760151,0.438262,0.380075,0.438262,0.716356,0.545878,0.389879,0.654099,0.602005,0.801801
0.870588,0,0.807317,0.421576,0.403659,0.421576,0.768178,0.561031,0.413463,0.684986,0.641229,0.794885
0.905882,0,0.822053,0.406751,0.411026,0.406751,0.783970,0.566945,0.420830,0.695247,0.653323,0.852899
